Distance,Luminosity,Radius,Temperature,Spectral Class
16.59417124,9.979192445,1.632650402,7509.294247,A7V
2600.490723,196002.6279,202.9705262,8503.284796,A2Ia
6.052616358,4.893715684,0.222711012,3165.959639,M4Ve
322.6010015,2196.241934,37.54681301,6048.326915,F7Ib
5.902391663,-1.496486252,0.192359408,3130.602069,M4Ve
8.370045209,25.62536254,1.737616314,9903.971704,A1V
25.42303189,19.3148032,1.763473297,8541.195355,A3V
42.56957816,77.46654686,12.01507708,4979.492462,G8III
43.26085887,76.75397467,11.92644635,4907.779549,G8III
239.8641071,6399.344,5.75137854,22573.28618,B2III
51.57021006,59.93364176,2.317294377,10334.14034,A1V
16.3246318,10.45707879,1.638568136,7554.538238,A7V
240.3960089,6396.460554,5.702796836,22559.15617,B2III
349.6510239,49995.69182,9.029686062,24977.13885,B1III
642.4036425,125997.2091,886.9436673,3472.606644,M2Iab
79.14834002,290.3679076,3.105720387,12478.93009,B7V
78.86969759,292.7771393,3.215444565,12493.54009,B7V
418.3541534,8700.111885,369.946472,2929.214904,M7IIIe
320.9521525,24995.85335,8.476536988,28016.58055,B0.5IV
25.40728673,45.02639995,2.375818502,9589.720332,A0V
642.4501483,125997.8219,887.0237136,3502.80365,M2Iab
8.783892299,0.930615407,0.36997218,3420.074134,M2.1V
350.3393283,50002.885,9.030531084,24972.46338,B1III
79.23841042,283.3313069,3.194197824,12471.60923,B7V
78.51275351,289.1046797,3.093785399,12469.72665,B7V
239.7580263,6402.532053,5.807903992,22628.8454,B2III
8.997561546,27.6122906,1.717811864,9965.640232,A1V
36.39116253,169.4756949,25.34766748,4306.771079,K1.5III
3.925938601,-2.512423882,0.897155753,5292.710092,K1V
9.584936006,-0.262212887,0.098150099,2788.607876,M3.5V
642.1986706,125995.1827,887.056885,3502.110795,M2Iab
8.790939417,29.68505344,1.778145235,9959.636695,A1V
16.97783483,8.978258643,1.681767739,7546.776074,A7V
79.37549284,287.2472405,3.077509272,12466.38384,B7V
7.922999488,2.681120396,0.465187596,3394.516909,M2.1V
309.6559549,10500.30436,70.99409088,7322.086648,A9II
11.36171008,11.0989187,2.125262442,6522.987353,F5IV-V
43.23983836,78.47758735,12.0416832,4903.922635,G8III
6.274309005,-4.61250361,0.271420117,3164.71349,M4Ve
36.23014602,167.6796795,25.37298061,4285.208657,K1.5III
309.8943431,10497.61382,70.98540952,7395.822566,A9II
16.48172381,10.65450511,1.697977234,7557.224465,A7V
323.4890827,2197.484655,37.592889,6003.417412,F7Ib
6.21011662,3.922475111,0.200221099,3104.152562,M4Ve
52.32085639,52.46460237,2.358084898,10286.21255,A1V
51.68712734,57.56407832,2.47933704,10314.20143,A1V
240.3505524,6403.480527,5.803192365,22632.4673,B2III
323.4772162,2202.925953,37.43039979,5986.795558,F7Ib
52.31788546,54.09868013,2.38321376,10264.67769,A1V
5.563556519,-3.458954828,0.149536117,3115.066681,M4Ve
25.02265608,43.21333424,2.423337187,9631.823941,A0V
8.040322485,3.518164734,0.215958203,2786.809004,M6V
79.45788509,284.3075844,3.184877185,12429.34687,B7V
322.7090338,2201.189534,37.55828086,5986.929443,F7Ib
549.8094446,10004.88889,679.9451981,3503.220339,M1.5Iab
78.84980314,283.1518426,3.174616499,12414.98856,B7V
320.5358805,25000.42496,8.300131315,27969.95039,B0.5IV
1999.592238,53697.14296,32.48838765,27489.29543,B0Ia
239.7957303,6401.125654,5.829045688,22632.62435,B2III
349.8378241,50002.53453,8.947447779,25006.3524,B1III
4.039455513,0.262056402,1.309824318,5823.975303,G2V
25.32510114,44.01956664,2.33879044,9648.560925,A0V
2000.372044,53702.88073,32.3572758,27504.39452,B0Ia
9.939137842,-3.647141393,0.239603319,2767.195283,M3.5V
24.53113047,38.00891382,2.429475401,9615.603302,A0V
2000.478993,53701.23909,32.47304621,27463.289,B0Ia
51.78867652,57.40613996,2.43237682,10276.92995,A1V
642.1530703,126000.1015,886.9045633,3462.143572,M2Iab
1999.880482,53695.72165,32.35326481,27490.4056,B0Ia
240.3086583,6398.7064,5.727504552,22561.66109,B2III
349.9807278,50000.69304,8.940299047,25043.8128,B1III
6.10218724,-0.690555157,0.226578431,3158.978185,M4Ve
6.098594827,-3.330309873,0.122916057,3144.711154,M4Ve
250.4596817,21996.28191,7.481964415,25371.67157,B1III-IV
2600.219144,195996.4428,203.0971364,8512.606176,A2Ia
239.8047159,6400.473393,5.678484912,22628.27196,B2III
25.0406095,20.80522401,1.893360692,8570.329146,A3V
4.054202317,5.317356538,1.141773128,5802.341327,G2V
25.14508863,35.2387223,2.32382564,9614.217108,A0V
309.5332875,10502.61422,71.06798015,7323.458433,A9II
9.619214761,-3.572031572,0.097808762,2796.403546,M3.5V
642.0262242,125998.5951,886.9391822,3543.743726,M2Iab
17.00475256,15.50965358,1.57413561,7589.018862,A7V
10.93039921,8.573241192,1.973098629,6548.089234,F5IV-V
642.1523115,125996.079,886.9540168,3465.584907,M2Iab
8.404885042,30.36321156,1.697550319,9929.197487,A1V
349.8970389,50003.29861,9.072118416,25020.05968,B1III
36.55940961,173.1186537,25.32758451,4293.23215,K1.5III
9.762760206,-0.225965373,0.10437346,2771.175766,M3.5V
2000.496809,53700.91527,32.3283168,27522.87651,B0Ia
8.539132551,-1.018409487,0.348441946,3396.239019,M2.1V
322.7829657,2197.457994,37.56516587,6063.924563,F7Ib
2599.541672,195998.9041,202.9215709,8503.081005,A2Ia
24.95931123,38.23653512,2.295524272,9650.454658,A0V
321.3978818,25002.4513,8.400734311,28000.4817,B0.5IV
250.3496408,22004.5948,7.487050097,25392.53559,B1III-IV
42.98764051,80.53611367,11.92855273,4936.351352,G8III
16.79053891,7.00158619,1.61900569,7500.178549,A7V
550.3341534,9997.61131,680.0291172,3516.839353,M1.5Iab
42.80414644,77.74197931,12.02871952,4937.014499,G8III
7.987098773,-4.903357923,0.257468788,2800.610805,M6V
250.1853697,22002.94677,7.329968093,25440.02093,B1III-IV
320.5863394,24997.63792,8.310447835,27989.40137,B0.5IV
418.2153232,8697.785041,369.9501129,2955.942151,M7IIIe
17.11404147,7.967577663,1.666669312,7589.938437,A7V
642.4002183,125995.0733,887.0102959,3481.089576,M2Iab
6.066146574,-4.202962128,0.1856029,3157.062912,M4Ve
144.4134774,3145.670632,9.151738144,14986.33118,B6Vep
65.18203431,515.3884767,44.22384644,3907.514997,K5III
550.2111451,9999.116102,679.9672994,3549.315195,M1.5Iab
349.8618671,50004.94895,8.924915432,24982.456,B1III
36.66414023,171.1056763,25.32234107,4254.14447,K1.5III
64.86663508,516.5412219,44.14298534,3892.892388,K5III
78.66105156,286.1262199,3.103947351,12455.97866,B7V
8.389619801,-1.642020767,0.291782446,3439.212716,M2.1V
310.3024879,10501.32805,70.99461191,7352.70029,A9II
310.1123839,10496.34418,70.93894826,7392.756918,A9II
321.1642532,25001.97379,8.476967514,28002.68692,B0.5IV
8.178965638,23.01888278,1.64298308,9961.260787,A1V
310.4339222,10500.70109,71.07120442,7343.565555,A9II
4.107727284,2.046544781,1.134204368,5799.583793,G2V
4.402094886,3.255888946,1.132592643,5784.487492,G2V
9.003723782,25.31721426,1.768242917,9945.938898,A1V
5.775318133,-1.947613746,0.18516435,3100.196791,M4Ve
322.6936724,2203.214693,37.5805757,5973.267627,F7Ib
249.7163371,22000.71254,7.45300698,25382.54425,B1III-IV
249.7559118,21997.46778,7.4039678,25413.23854,B1III-IV
11.548018,11.1797837,2.076833164,6532.552151,F5IV-V
320.6812154,24999.99822,8.331568003,27976.04817,B0.5IV
550.0925106,9997.105347,679.9637802,3462.614891,M1.5Iab
3.978632541,-2.119236183,1.154587337,5743.193546,G2V
25.47379568,41.94883657,2.283626734,9636.266393,A0V
5.503354374,-1.426136743,0.19373772,3138.14353,M4Ve
65.27837548,516.787416,44.19667581,3891.695849,K5III
3.996217714,-2.598881571,0.883037871,5231.122024,K1V
310.2691828,10496.17933,71.09609603,7379.760017,A9II
51.78765009,52.55239173,2.377917302,10339.14421,A1V
4.088694603,0.305073164,1.159697069,5815.131547,G2V
64.5902949,519.337232,44.26426716,3916.613613,K5III
16.34268187,14.59118144,1.683937224,7534.755587,A7V
36.24612246,165.8219516,25.43512141,4263.974299,K1.5III
24.73922784,12.76177678,1.866032522,8587.326515,A3V
549.6020841,10003.58324,680.0178309,3515.071802,M1.5Iab
349.858404,49998.71829,8.997233569,24979.30083,B1III
2600.384985,195997.224,203.0103738,8495.072256,A2Ia
25.02184285,44.09608788,2.391518739,9644.280857,A0V
65.01486714,520.8330694,44.14048105,3930.767718,K5III
321.0192432,24999.47678,8.466934583,28044.27927,B0.5IV
16.51555044,7.453787627,1.549021098,7579.282836,A7V
323.1874065,2195.008536,37.41394898,6023.522561,F7Ib
42.66191607,80.31893394,12.05389269,4980.589605,G8III
8.429647165,28.76621832,1.621685484,9914.722343,A1V
859.8736694,119998.9116,78.84757027,12090.98444,B8Ia
2000.254557,53704.64571,32.48379462,27523.88682,B0Ia
65.12504718,513.8024726,44.13313789,3937.136694,K5III
417.7396845,8702.983016,370.0558584,2923.256811,M7IIIe
9.457219737,3.555810831,0.16738653,2757.824401,M3.5V
24.94774316,19.078458,1.782704521,8578.83279,A3V
418.4800274,8699.413953,369.9194022,2882.169873,M7IIIe
1999.97225,53695.46342,32.31844318,27519.49642,B0Ia
642.4314171,126001.7469,886.9717143,3460.211471,M2Iab
11.23280103,11.48300831,2.035460605,6531.580697,F5IV-V
417.960389,8697.87332,369.9027392,2922.151961,M7IIIe
8.979057602,24.46161804,1.620897555,9949.850807,A1V
350.1211769,49995.7267,9.023101338,25047.36492,B1III
11.73487907,11.034531,1.991069283,6531.624256,F5IV-V
16.65090926,13.98438374,1.59374029,7547.853299,A7V
321.1982674,25004.09456,8.349207391,27983.0889,B0.5IV
2000.344809,53697.7175,32.31687443,27454.23278,B0Ia
250.291309,21998.6535,7.317585769,25365.34364,B1III-IV
249.8359794,21995.2494,7.307487847,25374.5238,B1III-IV
249.6956811,21999.44026,7.46085822,25426.05943,B1III-IV
4.661465964,3.683968343,0.892887603,5220.88658,K1V
8.65794279,1.557075494,0.370799166,3415.936228,M2.1V
2600.203153,196001.9938,202.9928628,8495.151613,A2Ia
321.1256733,24995.38402,8.44272745,27978.6169,B0.5IV
250.4057552,22003.00608,7.390872003,25449.71317,B1III-IV
16.90978104,5.933265507,1.696836757,7581.485621,A7V
143.9229557,3151.380063,9.119515926,14989.95695,B6Vep
1999.905477,53698.01064,32.48067805,27457.35677,B0Ia
310.2575277,10500.53579,71.05510035,7303.509674,A9II
78.60906106,291.3198765,3.226557713,12501.52289,B7V
42.90883268,81.73207832,11.95953656,4987.631566,G8III
4.00631598,4.719480891,1.233649046,5806.306504,G2V
16.67353851,11.9230575,1.569973774,7536.608049,A7V
2600.054112,196004.8541,203.0227149,8502.296033,A2Ia
642.7132328,126004.8065,887.0593271,3536.736891,M2Iab
642.9734497,126004.178,886.9783662,3499.553526,M2Iab
8.91096499,27.88315514,1.79004387,9937.999677,A1V
4.191178428,-0.194869628,0.875690322,5265.16822,K1V
239.7466587,6400.045563,5.792734512,22596.63758,B2III
8.600332846,4.389365061,0.32635802,3446.855653,M2.1V
320.7484607,24999.88221,8.314309808,28023.15596,B0.5IV
349.5480318,50003.43743,8.905896632,24972.67332,B1III
323.2942868,2197.339351,37.57413316,6052.715169,F7Ib
17.03104721,9.420447881,1.564828887,7556.190477,A7V
321.0172739,25000.17552,8.366815318,28020.75528,B0.5IV
322.6303913,2202.304505,37.45029169,6035.256993,F7Ib
42.42640507,78.62616189,11.92288121,4945.158696,G8III
323.2583029,2203.005804,37.53316121,6007.279092,F7Ib
240.1172916,6401.703523,5.71263815,22610.10464,B2III
16.33461284,5.905361838,1.585493732,7543.984771,A7V
249.9560095,21997.27514,7.485745901,25412.27782,B1III-IV
24.7967229,38.83227074,2.286345121,9558.280287,A0V
37.06492563,169.1345127,25.37459122,4262.121428,K1.5III
51.65717046,59.20488223,2.357942572,10292.86166,A1V
4.604116282,4.336677893,0.812324093,5230.180065,K1V
11.81138442,5.556790525,2.070303771,6555.208745,F5IV-V
642.6457931,125998.3028,886.9683219,3536.33179,M2Iab
8.552871357,3.354701181,0.335975021,3385.261827,M2.1V
349.7052534,50004.81588,9.058875244,25045.68171,B1III
860.3299817,119999.158,78.95886969,12124.52692,B8Ia
2000.23115,53703.68232,32.37988024,27531.72451,B0Ia
8.117918696,0.244503764,0.088133175,2763.129046,M6V
17.12653294,13.81675388,1.565304551,7539.016087,A7V
16.84128446,7.660100373,1.666907831,7596.291252,A7V
79.46905039,291.5380879,3.169366747,12485.81488,B7V
143.9636964,3153.448869,9.122215037,14983.05703,B6Vep
16.73976423,14.24502769,1.66581917,7582.813277,A7V
52.33739487,52.38529122,2.367909462,10332.8864,A1V
10.11434687,-1.872245474,0.202084784,2826.663093,M3.5V
322.5021556,2203.051863,37.4667541,6014.489149,F7Ib
36.50167339,165.9591368,25.45174905,4305.298558,K1.5III
64.91029181,515.8831437,44.20349553,3941.025871,K5III
550.0793116,9998.673327,679.9796032,3495.80899,M1.5Iab
9.481142732,1.562947583,0.26290791,2842.720812,M3.5V
8.326995953,-3.116117283,0.397667117,3425.21948,M2.1V
43.18977232,78.15928521,11.9538674,4910.841624,G8III
4.684740784,0.482073284,1.250155333,5790.563086,G2V
349.9265433,49997.88364,9.083568825,25014.23537,B1III
11.85318661,4.568259386,2.078987344,6529.710106,F5IV-V
240.389374,6400.687653,5.771479476,22641.47108,B2III
860.3510949,120000.6714,78.97709526,12107.15853,B8Ia
42.62172688,82.18179589,11.94102505,4961.113619,G8III
309.8524731,10495.29503,70.9985771,7374.061556,A9II
36.60944252,166.9221661,25.32212705,4246.366784,K1.5III
2599.531005,196000.7113,203.0899858,8566.459428,A2Ia
4.00917821,4.520952721,1.225897997,5743.205316,G2V
2000.04695,53704.55022,32.42516405,27472.24734,B0Ia
25.37663537,15.01205796,1.901862847,8587.252624,A3V
418.2183953,8704.78065,370.0744266,2925.392076,M7IIIe
642.6088453,126002.5558,886.9641939,3486.421809,M2Iab
4.472942768,6.496997674,1.176859569,5809.065323,G2V
6.035977136,2.784926734,0.234460861,3175.602919,M4Ve
310.2172671,10496.35554,71.06776883,7352.898513,A9II
5.464250335,3.101681656,0.28979155,3088.060012,M4Ve
322.5390777,2202.748591,37.4723773,6054.799748,F7Ib
9.907428254,-1.754888385,0.250208498,2785.303855,M3.5V
78.52313741,287.5942942,3.193259281,12437.50239,B7V
144.3190536,3145.067171,9.150569357,15016.88854,B6Vep
320.6031817,25004.81872,8.344046443,27957.20619,B0.5IV
4.23393026,0.9539661,0.955606652,5229.854129,K1V
36.46671726,173.3929626,25.3514213,4262.221454,K1.5III
309.5953488,10501.35642,71.0240939,7383.247695,A9II
642.8715693,126000.791,887.0942542,3534.345876,M2Iab
418.1709348,8699.45963,369.9191649,2912.861479,M7IIIe
2599.843962,196001.8183,202.9318395,8493.781821,A2Ia
11.63314136,4.578402287,2.047121092,6500.149481,F5IV-V
2000.176216,53700.02446,32.32847824,27452.84291,B0Ia
8.164761862,-1.528760553,0.434203453,3409.349969,M2.1V
16.30343825,9.448611059,1.569796576,7560.184539,A7V
4.603151027,-1.764616771,0.936348744,5241.433383,K1V
2600.11883,196003.7349,203.0331455,8510.697415,A2Ia
2599.853939,196002.7783,202.9903885,8517.033344,A2Ia
25.06659452,44.65672905,2.420448028,9569.505041,A0V
36.54392155,169.2345434,25.49274187,4243.105647,K1.5III
2599.608738,195999.3682,203.0713039,8502.019467,A2Ia
642.5531285,126003.2772,887.0459214,3513.514299,M2Iab
43.24996496,74.30842423,11.9451301,4913.438632,G8III
309.7577664,10501.28299,70.93329994,7333.107385,A9II
7.494513485,-0.523751939,0.250769873,2830.71743,M6V
417.6943419,8695.765422,370.0716614,2917.612989,M7IIIe
8.268111533,0.40667864,0.40391327,3424.134209,M2.1V
349.7462731,49999.43621,9.069477468,24977.19625,B1III
52.15011541,58.00481211,2.315381159,10252.30079,A1V
642.5688338,126001.5953,887.0415508,3523.370022,M2Iab
3.927727273,2.379877855,0.953343021,5297.158921,K1V
11.72922295,10.41549792,2.114232053,6500.799566,F5IV-V
322.5304352,2198.062243,37.43978024,6006.538431,F7Ib
16.81775781,6.616855134,1.620841729,7535.477776,A7V
239.810717,6403.26717,5.799203169,22577.6587,B2III
642.7606943,125996.5335,887.0894835,3541.585208,M2Iab
16.77534489,13.69207029,1.602312151,7522.863574,A7V
144.4269635,3149.043659,9.244538986,15004.67745,B6Vep
350.2825075,50001.85527,8.913280385,25008.77631,B1III
43.2689811,83.5321362,12.06000373,4895.714239,G8III
4.50010088,-1.867504045,0.776987182,5279.807556,K1V
1999.801047,53702.72472,32.46376093,27494.18078,B0Ia
8.957640061,29.61956475,1.632859648,9911.392754,A1V
25.39534152,20.46915048,1.847595369,8588.479248,A3V
5.754938969,0.578285792,0.182950408,3110.132292,M4Ve
8.226998041,26.25489868,1.723077781,9956.238736,A1V
7.573447101,4.928126804,0.189737043,2812.869725,M6V
320.5859635,25001.512,8.324294583,27961.78017,B0.5IV
79.02170302,290.5810269,3.223377896,12465.25,B7V
8.581163581,23.56576836,1.675410248,9936.119303,A1V
51.96002579,50.77458294,2.363595863,10343.78017,A1V
43.15465763,80.95648061,12.04650275,4890.41664,G8III
350.482659,49995.66256,8.963173673,25015.40949,B1III
309.9305832,10499.15695,70.92521213,7306.052369,A9II
4.757628016,0.124993154,1.147452106,5791.391749,G2V
42.64765967,75.85204597,12.091995,4977.384392,G8III
320.9124461,25003.20434,8.456262819,27970.0816,B0.5IV
16.96296573,12.7004963,1.560331321,7527.007991,A7V
8.383258213,-0.938189422,0.347213057,3396.163555,M2.1V
9.979598917,4.882884323,0.186896708,2801.709149,M3.5V
16.30515925,10.12400802,1.699514767,7561.924913,A7V
11.22118088,4.454008563,1.968626083,6490.797977,F5IV-V
16.42811481,7.518898594,1.691053604,7548.192499,A7V
321.4039562,25001.13196,8.376409823,28024.7055,B0.5IV
36.23103319,172.628351,25.45824501,4311.320939,K1.5III
11.09935736,4.046192932,2.108015673,6548.534882,F5IV-V
349.9233971,50003.18446,9.089940136,25035.7693,B1III
350.1548367,49996.93606,9.0391854,25033.68921,B1III
322.9361396,2203.945872,37.52668302,5966.658386,F7Ib
642.3796736,126000.567,887.0961516,3491.836216,M2Iab
16.65087371,6.046501289,1.588214076,7514.63141,A7V
642.6993192,126004.3301,886.9962383,3482.913534,M2Iab
8.144854579,-1.49537988,0.457805684,3427.790826,M2.1V
42.65444956,77.89996417,12.05995628,4953.960884,G8III
144.4397778,3153.619898,9.157460216,14980.80663,B6Vep
2000.08802,53702.76197,32.36957561,27537.94237,B0Ia
859.9824984,119998.623,78.91303444,12085.71068,B8Ia
52.22988431,54.09952682,2.341583905,10293.76426,A1V
349.9762351,49997.02137,9.002662919,24998.19082,B1III
2000.377239,53702.78827,32.34005452,27456.53712,B0Ia
349.8025259,49998.06953,9.099062531,24984.25349,B1III
8.650238633,25.38418649,1.641902447,9981.789238,A1V
4.142560356,-3.409763574,1.129143336,5837.601489,G2V
25.13296741,20.8634663,1.812050356,8573.561551,A3V
24.90800649,18.94750326,1.859388582,8550.148653,A3V
417.7833123,8702.919446,369.9697468,2944.801067,M7IIIe
11.56115403,11.12763606,1.998051989,6492.727527,F5IV-V
418.057777,8702.628166,369.9577872,2922.352964,M7IIIe
143.5837744,3154.094333,9.286495171,14987.67212,B6Vep
550.4834101,9995.999325,680.0122219,3468.906854,M1.5Iab
16.75446446,5.997889431,1.622154174,7534.314146,A7V
239.9328561,6397.415458,5.768024267,22598.96932,B2III
8.778835112,0.966119627,0.311736025,3437.946254,M2.1V
25.48267392,43.1430049,2.37814056,9615.286109,A0V
417.9698201,8702.747825,370.0313796,2908.905311,M7IIIe
36.3222998,172.6272087,25.39460183,4334.366639,K1.5III
25.06973647,42.58073946,2.311884583,9639.90847,A0V
16.72369922,7.755495988,1.531232494,7580.000023,A7V
24.63695819,19.02312455,1.886319862,8572.46013,A3V
3.879882255,0.791047317,0.913976523,5295.113153,K1V
25.29172675,15.4728548,1.771133456,8547.759464,A3V
309.7226809,10504.04524,70.92404023,7325.448677,A9II
17.07909134,11.10562694,1.688803707,7548.914115,A7V
24.71555489,37.54171813,2.441074106,9556.382226,A0V
52.1193061,56.54850721,2.469042052,10284.86165,A1V
239.6941473,6396.28124,5.703987996,22582.22207,B2III
1999.870845,53703.28456,32.37200612,27491.34645,B0Ia
349.5318144,49997.80573,9.050848968,25039.83694,B1III
42.7217314,82.7142302,11.99726513,4968.61346,G8III
2600.459947,195998.6787,202.9461974,8537.11406,A2Ia
36.72859011,169.174102,25.49650279,4310.686137,K1.5III
349.5763037,50000.28167,8.941387767,25031.53164,B1III
24.85754244,43.36477472,2.354470575,9572.998301,A0V
43.06712828,76.53137694,12.06682785,4930.415617,G8III
239.6782805,6398.615401,5.792124898,22625.86312,B2III
1999.819824,53704.23807,32.37301069,27476.30443,B0Ia
36.36893818,173.9173535,25.47165739,4242.99814,K1.5III
79.38640904,286.900263,3.199487567,12428.5978,B7V
16.43158356,13.93662287,1.696114023,7562.928466,A7V
144.123286,3150.176564,9.251943571,14980.63968,B6Vep
43.18112318,79.81176567,12.01930581,4926.989009,G8III
642.2406799,125995.7402,886.9201728,3533.455448,M2Iab
4.511510759,5.469163181,1.296812346,5798.583918,G2V
642.7086272,125998.1581,886.9146359,3463.762129,M2Iab
417.8076209,8700.674612,370.0487981,2897.539352,M7IIIe
2000.372712,53696.7131,32.43314184,27532.91754,B0Ia
24.78781409,19.24001939,1.845022596,8598.361347,A3V
16.5975552,9.796254335,1.631793259,7589.59207,A7V
24.55054654,40.70030429,2.342184999,9620.122909,A0V
11.37786081,11.1116963,2.100885984,6567.26909,F5IV-V
320.5587773,24999.13292,8.477116293,28043.24763,B0.5IV
549.6326078,10003.06424,680.0008497,3502.85035,M1.5Iab
43.3697662,75.66565285,12.030824,4900.136077,G8III
8.592832834,29.16357399,1.76811965,9938.230275,A1V
10.08242847,1.127222355,0.158956549,2842.282539,M3.5V
310.40561,10495.91876,70.98400528,7375.567457,A9II
240.4654649,6397.076712,5.721036989,22561.35958,B2III
36.85515698,170.392606,25.40155724,4295.448833,K1.5III
310.2208989,10495.7825,70.9949003,7385.103213,A9II
9.509693473,4.593223792,0.289847699,2793.132385,M3.5V
349.700769,50001.10395,8.976397162,24985.89529,B1III
24.93993408,18.70842132,1.860624967,8543.524107,A3V
25.21537595,42.41615686,2.289179668,9565.942047,A0V
3.877798495,4.036717914,0.85110279,5247.639004,K1V
250.3586061,22000.99154,7.354471375,25398.0301,B1III-IV
65.22314746,514.3940375,44.12956503,3884.797241,K5III
418.2559405,8695.28593,369.9108291,2938.727955,M7IIIe
24.92138623,40.51548068,2.355761837,9601.092539,A0V
642.9528733,126004.5567,886.9901081,3531.391606,M2Iab
51.63546473,59.03558748,2.314209541,10335.23687,A1V
860.0446487,119995.728,78.83459773,12068.02425,B8Ia
9.613438426,-1.214127907,0.250055553,2809.757851,M3.5V
7.999848245,2.266088271,0.223895236,2846.286326,M6V
320.8868306,25003.59644,8.4728009,27950.98019,B0.5IV
24.80133488,15.63955002,1.890950134,8550.050076,A3V
860.3779304,119998.5139,78.95582135,12056.93104,B8Ia
7.934576536,-2.699303173,0.098135264,2818.877174,M6V
309.9492793,10502.98351,70.99441218,7378.86736,A9II
4.02157247,4.237437377,1.292252936,5779.191703,G2V
36.20354839,174.0110032,25.37788131,4257.266449,K1.5III
36.24569177,170.2015762,25.32433891,4238.824307,K1.5III
24.52798084,12.36710486,1.756402415,8624.298341,A3V
2599.945001,195996.9364,203.0483052,8510.964916,A2Ia
418.2175843,8700.567411,369.9706196,2872.351586,M7IIIe
11.6784275,3.939340637,1.998245662,6532.259266,F5IV-V
309.5950009,10500.97173,71.07067755,7313.717189,A9II
7.692989325,3.143583363,0.233769543,2832.31017,M6V
240.4177992,6401.595201,5.785649927,22640.50254,B2III
16.8048186,10.78086625,1.670606005,7505.673887,A7V
42.52419177,79.23639022,12.07035584,4964.310252,G8III
4.300779448,2.899348455,1.139323498,5821.318486,G2V
4.533255212,1.062298419,1.279107909,5820.542839,G2V
4.436330966,-2.897159042,0.950319555,5303.062135,K1V
9.386795268,1.297216582,0.146321847,2820.430183,M3.5V
143.7776448,3148.316089,9.178283935,15040.77514,B6Vep
9.266675131,2.567655029,0.294126633,2816.774713,M3.5V
350.3462163,49997.25139,8.91043846,24972.0105,B1III
4.558961316,1.50551639,1.179116111,5780.016587,G2V
143.7208361,3146.170451,9.258760681,14989.10755,B6Vep
8.399926955,4.276646419,0.457913153,3414.216798,M2.1V
3.932656206,-3.801803462,0.805893141,5215.398712,K1V
37.06140163,171.1384247,25.47301616,4266.187709,K1.5III
6.057240138,3.63047241,0.180620825,3106.270629,M4Ve
642.2465107,126000.9143,886.9633557,3516.094751,M2Iab
16.41350198,11.6242123,1.668006488,7518.687344,A7V
43.2218272,80.15621839,12.0125667,4973.087376,G8III
25.44873362,13.07002781,1.820321731,8576.377812,A3V
36.91845734,169.0336813,25.36844191,4318.231807,K1.5III
320.6532019,24998.55038,8.307025211,27978.91543,B0.5IV
16.68870557,10.48182557,1.540920944,7585.659628,A7V
349.6884499,49999.05802,9.077749094,25025.68379,B1III
250.4878758,21999.87333,7.344215861,25435.58452,B1III-IV
349.983103,50000.75633,8.958489962,25032.92079,B1III
418.4020714,8699.480337,369.9117984,2961.709125,M7IIIe
549.8792884,10001.94464,680.0944646,3493.754057,M1.5Iab
8.287208291,-2.730810515,0.437749354,3402.816191,M2.1V
9.74486812,-1.989756142,0.225736684,2760.710089,M3.5V
79.24977427,291.624202,3.227721127,12493.74014,B7V
240.1604825,6399.823852,5.6508145,22598.15536,B2III
320.9537192,24996.0315,8.391195317,28004.24992,B0.5IV
51.64427858,56.21992366,2.346334478,10284.69896,A1V
240.1247361,6398.402468,5.705004831,22550.69768,B2III
323.3420917,2198.72289,37.5529336,6004.949974,F7Ib
322.6559353,2200.884555,37.52284016,6030.225543,F7Ib
24.6451939,35.6370897,2.44733676,9630.116698,A0V
36.51826938,167.8986948,25.41061124,4240.265273,K1.5III
79.34300147,291.8979685,3.068513967,12473.19972,B7V
549.667155,9996.784007,680.017972,3522.283435,M1.5Iab
25.05044976,41.84243236,2.373940277,9625.680795,A0V
5.644066737,-2.107158087,0.117942391,3173.484719,M4Ve
51.52474187,59.50799083,2.300618419,10317.77424,A1V
24.89215789,35.69348718,2.380537493,9552.455314,A0V
350.2597783,50002.6549,8.975814646,24989.10373,B1III
642.9357776,126002.9596,886.904792,3456.979085,M2Iab
24.73734461,41.89763253,2.269342055,9592.868812,A0V
8.261173263,-1.98231792,0.411949408,3439.577144,M2.1V
322.6105929,2202.271429,37.53181464,6003.310741,F7Ib
322.5864706,2204.140987,37.59943203,6062.130413,F7Ib
859.8658747,120000.0713,78.9184433,12088.86727,B8Ia
25.24930202,43.80496669,2.348973961,9637.870555,A0V
8.872982082,20.84804006,1.741300009,9974.98182,A1V
8.792950013,27.2680823,1.748774473,9964.64456,A1V
321.2033486,25004.06257,8.320476614,27991.65049,B0.5IV
4.174610127,-0.886571399,1.202079733,5831.440377,G2V
323.0346751,2204.974152,37.44876106,6061.943355,F7Ib
8.355424038,23.40538816,1.675395512,9975.539243,A1V
309.7711209,10499.97902,71.02706871,7307.473967,A9II
42.85177614,81.33187389,11.92323992,4957.41674,G8III
5.686720695,-4.382996087,0.229769828,3140.251656,M4Ve
310.0723523,10496.59847,71.0912016,7345.866949,A9II
25.47326245,43.66237659,2.411857715,9579.845393,A0V
249.5804287,22002.01284,7.305796817,25449.25207,B1III-IV
9.261994125,-1.75740693,0.206110408,2784.374252,M3.5V
143.7802768,3154.323621,9.287902872,15030.42298,B6Vep
9.553595959,-3.719698732,0.264392403,2815.92111,M3.5V
42.57067976,79.25135468,11.91243152,4983.660255,G8III
250.3907403,22001.02951,7.481877815,25416.70561,B1III-IV
2599.91826,195998.3201,202.9040515,8553.481732,A2Ia
239.8922067,6403.986083,5.735235075,22616.15656,B2III
36.90991187,169.5194201,25.30334403,4290.105321,K1.5III
4.735621659,5.439103461,0.909102975,5293.511396,K1V
16.69885844,10.04533016,1.545988013,7550.224477,A7V
310.3941897,10497.81776,70.91867853,7367.389499,A9II
8.649839719,4.295886834,0.335186792,3391.275099,M2.1V
350.4206705,49995.52899,8.986650292,24990.85113,B1III
309.5515681,10501.83477,71.01144352,7357.767521,A9II
349.9821565,50001.54562,8.9928769,25001.42375,B1III
16.51544893,10.99498305,1.627659846,7519.8775,A7V
52.23783288,55.54003543,2.451341486,10348.92624,A1V
323.4573643,2196.226916,37.45283721,6022.60131,F7Ib
7.976157704,-2.808369985,0.368735608,3381.264128,M2.1V
309.7451183,10499.51003,71.0382508,7358.944699,A9II
249.7542725,22003.8225,7.307524781,25364.78612,B1III-IV
322.7489734,2204.774413,37.48524009,6024.551479,F7Ib
4.105591041,-2.182644939,0.79573487,5219.246631,K1V
8.45908706,-0.638257985,0.341394567,3350.203177,M2.1V
417.5715532,8695.087925,369.9983128,2914.69405,M7IIIe
859.7605776,119995.9688,78.93723793,12086.33457,B8Ia
52.00232624,52.94996723,2.405768146,10329.73626,A1V
642.7417653,126003.5794,886.9949888,3483.414525,M2Iab
418.1963766,8701.972675,370.0422254,2867.878163,M7IIIe
24.50867741,18.07211474,1.87490008,8631.379069,A3V
323.4077385,2198.19403,37.55873112,5995.879155,F7Ib
350.0002611,49999.83035,8.901167622,24972.28871,B1III
549.6018405,10003.85036,680.0039664,3520.137097,M1.5Iab
239.8768555,6399.860708,5.8428898,22585.99444,B2III
642.5351051,125999.7058,886.9158595,3468.465119,M2Iab
144.4720917,3145.594289,9.263604116,14987.23549,B6Vep
323.329059,2199.635236,37.47946285,6049.787051,F7Ib
417.7366548,8701.822618,370.024512,2913.840441,M7IIIe
323.2911372,2195.067221,37.58712725,5990.137153,F7Ib
8.787449489,-4.850542159,0.485364194,3446.293506,M2.1V
2599.839829,196003.5246,203.0113399,8476.333101,A2Ia
323.0461417,2195.050035,37.41846624,6009.818931,F7Ib
24.51723614,44.82050462,2.321671688,9606.964022,A0V
4.292306289,-3.312680861,0.895583296,5275.771325,K1V
8.161295442,28.42685248,1.617066486,9939.136373,A1V
2000.043565,53695.97176,32.37492241,27508.93173,B0Ia
11.28277571,4.769495764,2.072443099,6487.685057,F5IV-V
43.35346105,81.7685091,12.06333164,4935.234223,G8III
240.03574,6396.904485,5.658809786,22611.21452,B2III
8.349562146,2.900089699,0.440814924,3439.880618,M2.1V
24.70632088,19.65366202,1.893117076,8540.17225,A3V
2000.101081,53695.57723,32.32051056,27474.76846,B0Ia
9.413783916,-2.891393673,0.260348686,2804.349944,M3.5V
417.5442981,8695.339912,370.0576769,2869.736448,M7IIIe
418.3989107,8701.315925,370.0218113,2927.000296,M7IIIe
4.258882695,0.151096812,1.303918771,5827.880078,G2V
16.56330055,7.297870304,1.676610991,7519.007803,A7V
16.30475637,9.844031209,1.670264374,7595.464571,A7V
4.416944669,5.437406369,0.781486512,5309.167929,K1V
6.006475196,4.339780518,0.147480229,3087.599471,M4Ve
321.1664336,24997.62428,8.369295056,28042.45211,B0.5IV
144.0426283,3149.584717,9.296361656,15042.35232,B6Vep
349.6475095,50001.30849,8.935823479,24970.52645,B1III
37.06384846,170.0454144,25.36556532,4287.666024,K1.5III
6.260851556,4.261529179,0.137473899,3145.564343,M4Ve
25.11565259,15.59332891,1.889564348,8627.325922,A3V
1999.772368,53703.81172,32.33022315,27521.38144,B0Ia
7.582497883,-1.563247622,0.084682502,2779.714322,M6V
6.450229447,-2.186896892,0.197553196,3129.461198,M4Ve
860.1545306,120004.135,78.86065429,12054.80008,B8Ia
24.90512746,43.18165539,2.443162412,9643.409479,A0V
1999.681872,53700.10006,32.38561167,27531.15664,B0Ia
10.90120355,10.44955295,1.964464507,6509.197556,F5IV-V
24.84311708,21.43602324,1.875885798,8630.935241,A3V
9.39516397,-2.197465144,0.21193019,2842.266988,M3.5V
550.1496805,10004.65772,679.9174283,3454.726492,M1.5Iab
349.7751079,50004.78064,9.081576315,25041.21216,B1III
16.37496067,12.09829147,1.701995992,7534.106669,A7V
320.7411078,25004.51448,8.4777238,28029.38921,B0.5IV
5.617672919,-1.241339924,0.135637538,3178.000041,M4Ve
250.156389,21995.94111,7.475743207,25414.30599,B1III-IV
64.61409509,518.6712001,44.1002202,3958.868083,K5III
310.2130103,10504.65405,71.0789493,7379.148591,A9II
9.620779679,4.204083164,0.101098457,2832.573703,M3.5V
24.88012047,21.01584823,1.879555259,8583.602279,A3V
16.93853726,13.80452322,1.570032146,7573.295668,A7V
5.702119231,3.219268581,0.266014218,3098.726625,M4Ve
550.1574746,10004.59827,680.0689642,3512.261758,M1.5Iab
16.73870383,12.63528204,1.604140757,7547.966393,A7V
310.4839003,10504.51924,71.03402804,7325.974671,A9II
322.6683138,2196.099265,37.45522405,6060.406407,F7Ib
65.47022713,515.9542991,44.12764592,3893.014399,K5III
250.0885498,22001.57877,7.414209443,25366.44517,B1III-IV
36.20180573,174.7332916,25.44149974,4248.408031,K1.5III
65.40799412,519.5755247,44.15412909,3918.968826,K5III
3.878440741,6.022386273,1.319764699,5820.648373,G2V
17.19019345,10.37855747,1.629022613,7544.357437,A7V
42.60105122,80.55609974,12.08393591,4917.890839,G8III
350.0482509,50003.86565,8.932386987,24972.70194,B1III
309.5963009,10504.38031,70.98271323,7351.883171,A9II
310.4362928,10499.90014,71.01185564,7347.050641,A9II
2600.154973,196000.6019,203.0741494,8542.391047,A2Ia
79.25123297,284.6113183,3.064054186,12509.17409,B7V
16.65239581,13.76552132,1.69586582,7524.274007,A7V
8.080258523,1.803849972,0.396935461,3411.065504,M2.1V
549.7495419,10003.24202,679.9228253,3475.843045,M1.5Iab
11.6526188,10.35655033,2.00831357,6506.392447,F5IV-V
4.453129603,5.09176272,1.235516965,5747.726483,G2V
240.4175408,6401.369852,5.825240279,22560.29003,B2III
42.86175605,82.12800808,12.00116856,4977.92966,G8III
239.8303416,6403.880676,5.653185315,22577.57958,B2III
36.55163109,167.96549,25.37445362,4276.636208,K1.5III
36.24521475,171.0652379,25.47299136,4302.672551,K1.5III
24.9873984,16.74259465,1.814057076,8589.471144,A3V
11.27128784,8.55784579,2.124490517,6562.591622,F5IV-V
418.1733391,8695.589846,369.9263202,2946.87937,M7IIIe
6.145792736,-0.968491639,0.171817502,3103.384442,M4Ve
9.694723071,0.232250734,0.203383332,2787.446024,M3.5V
249.9614272,22000.29409,7.362645837,25352.1038,B1III-IV
642.2829746,125998.071,887.06995,3530.136669,M2Iab
51.92513482,57.74910944,2.34901197,10275.18847,A1V
240.1158898,6395.265173,5.833740135,22593.82157,B2III
418.0278911,8704.120456,370.0255655,2891.075155,M7IIIe
4.048885139,4.69503983,0.949239734,5213.857079,K1V
240.4981695,6397.660532,5.730954915,22639.05113,B2III
9.323389346,4.995794616,0.183345098,2775.298954,M3.5V
642.9649766,125999.823,887.0979365,3504.335017,M2Iab
10.01828346,-4.258300444,0.136289886,2823.523216,M3.5V
860.3803983,120004.7228,78.82018399,12100.43881,B8Ia
642.339797,125999.4655,887.0819562,3541.539405,M2Iab
860.2039229,119996.4155,78.87669661,12055.65645,B8Ia
78.53223893,290.7534277,3.136862623,12443.07144,B7V
10.17531368,2.325660829,0.216890245,2777.231536,M3.5V
11.46236169,9.344709778,1.952597594,6491.439308,F5IV-V
349.6713819,49995.77634,9.05518965,24996.60471,B1III
16.42796813,7.079211581,1.617744698,7507.670927,A7V
417.7473617,8699.858563,370.0239153,2893.530511,M7IIIe
8.441644923,28.84297765,1.732134081,9904.135843,A1V
25.30283788,16.57558733,1.777729908,8593.340446,A3V
8.201477766,-2.548240778,0.186453641,2798.074278,M6V
144.3182802,3146.480171,9.279992604,14958.36032,B6Vep
42.66974559,78.78259516,12.08662858,4916.616525,G8III
24.75073833,38.18906551,2.444695198,9565.248167,A0V
2599.960347,196004.3424,202.9189043,8570.918996,A2Ia
9.958709976,-3.802993087,0.25963073,2831.330102,M3.5V
642.6428014,126000.7039,887.0383102,3465.679857,M2Iab
16.79957337,11.20436743,1.551883164,7584.109813,A7V
37.06149128,171.0899417,25.38876279,4317.534266,K1.5III
9.338424895,-3.105420673,0.203727581,2791.87982,M3.5V
144.2578185,3147.122215,9.219363135,15004.85153,B6Vep
9.689002297,0.661848462,0.171722108,2776.49443,M3.5V
350.3995833,50002.19426,8.971351243,24982.90242,B1III
350.4252258,49996.40808,8.909946497,25040.24038,B1III
9.343641962,1.116188392,0.169788888,2842.891656,M3.5V
322.8440109,2199.089388,37.46689923,6046.631278,F7Ib
642.5944223,126001.8504,886.9907022,3477.294014,M2Iab
52.16408562,52.94281734,2.438939587,10266.74589,A1V
323.0169808,2195.186971,37.59925971,6050.625462,F7Ib
144.1918987,3153.375674,9.190603416,15020.47041,B6Vep
2000.428235,53700.31332,32.46273503,27544.09251,B0Ia
43.2082402,74.82324608,11.93602899,4958.827124,G8III
417.6635768,8700.068257,369.9319587,2890.96148,M7IIIe
310.4345693,10500.98758,71.08703648,7377.625841,A9II
143.6299607,3154.434597,9.195174942,14969.68724,B6Vep
51.71719885,59.27555253,2.30985166,10307.44198,A1V
249.8172404,22002.81494,7.376620311,25446.08235,B1III-IV
349.9788637,50001.51534,9.083821057,24994.1946,B1III
320.7317413,25000.37867,8.376762588,28036.07557,B0.5IV
8.217525695,21.29072991,1.788981699,9962.816459,A1V
4.367149037,-2.702274637,1.127879882,5780.201472,G2V
642.7547889,126004.9078,887.0573492,3476.899405,M2Iab
51.69175346,57.72693991,2.447835399,10281.5631,A1V
418.1037493,8698.967658,370.0650561,2874.881539,M7IIIe
8.514812239,27.29089567,1.652647639,9969.816067,A1V
24.86912746,43.20417998,2.283589599,9607.604869,A0V
143.6281237,3147.519403,9.191147525,15023.39863,B6Vep
16.86532775,14.95531949,1.654826286,7575.545066,A7V
322.9494783,2202.003328,37.48292312,5984.444344,F7Ib
4.117935511,2.757813673,1.293792148,5788.769115,G2V
16.28254828,12.87713208,1.644210045,7570.26523,A7V
6.036902451,1.224626678,0.211983674,3142.011044,M4Ve
322.9601372,2203.512057,37.57026949,6029.833652,F7Ib
25.22413159,45.01661948,2.388746056,9587.638033,A0V
6.213758809,-0.123943873,0.101454586,3165.864693,M4Ve
418.4812503,8698.019963,370.0509725,2942.326027,M7IIIe
36.20029518,166.1544446,25.30628013,4268.51294,K1.5III
51.70958452,56.46782683,2.347139646,10316.38512,A1V
65.02609193,517.3793363,44.18758078,3957.570032,K5III
24.56334769,44.60627512,2.401900914,9643.406191,A0V
859.55178,120002.1453,78.89279918,12085.34508,B8Ia
6.358709195,-1.284093901,0.107595013,3153.826043,M4Ve
2599.585899,195996.3654,202.9196724,8488.600717,A2Ia
642.7994618,126003.9236,886.9401129,3539.286983,M2Iab
16.58651364,10.00066919,1.608409061,7585.266687,A7V
250.4766994,21996.34234,7.344682975,25409.57131,B1III-IV
9.420865497,-2.101628311,0.265590779,2791.605149,M3.5V
79.22183035,284.0131576,3.148790531,12462.6581,B7V
24.59512351,15.01602601,1.811249237,8548.342665,A3V
2000.299311,53701.62961,32.36720893,27516.76223,B0Ia
2600.041523,196002.0475,203.0588992,8526.202509,A2Ia
323.1796014,2201.614559,37.50779342,6010.871922,F7Ib
144.2880153,3147.710568,9.168823431,15010.58353,B6Vep
8.294591987,21.83528805,1.711812404,9985.973819,A1V
860.158994,119998.582,78.9076768,12134.59522,B8Ia
25.02379294,18.72289734,1.797332053,8610.627278,A3V
78.70384393,289.6494452,3.217901843,12411.89559,B7V
8.16543798,29.99466737,1.656270983,9980.820233,A1V
6.180499325,0.552561766,0.254315499,3177.86161,M4Ve
417.6039057,8702.813861,370.0368061,2939.51373,M7IIIe
4.268672295,6.221478665,1.144351257,5795.595954,G2V
549.5110446,9997.044095,680.0163576,3494.072612,M1.5Iab
4.763026574,0.264409753,1.166526004,5811.48394,G2V
8.450983253,22.57276367,1.698889463,9956.882281,A1V
36.90817729,174.5022471,25.4343102,4250.541509,K1.5III
550.325783,10000.22913,680.0786258,3514.785476,M1.5Iab
11.85685339,4.084635009,1.980404022,6490.629949,F5IV-V
8.696116019,26.45882712,1.775582605,9989.222847,A1V
1999.771263,53699.79695,32.46758586,27466.69184,B0Ia
417.9030259,8698.681151,370.0603743,2896.357311,M7IIIe
1999.847161,53701.72775,32.30838386,27472.86826,B0Ia
16.84594098,8.305906774,1.727954613,7596.9558,A7V
16.25909805,13.84683631,1.624926459,7503.198695,A7V
9.542301391,2.188662938,0.163762658,2758.915317,M3.5V
4.472728042,4.099368935,1.190045943,5754.412169,G2V
549.691917,9996.300623,679.9247294,3477.321664,M1.5Iab
350.2590586,50001.20895,9.096983566,24974.3895,B1III
549.5976615,10004.21763,679.9713928,3464.686167,M1.5Iab
36.63171676,165.7436659,25.41254995,4256.012926,K1.5III
418.2024795,8695.237869,370.050056,2949.598435,M7IIIe
25.30909291,42.20864976,2.455010182,9620.982141,A0V
52.05461973,50.97316762,2.457977646,10272.82918,A1V
24.97501814,36.15927612,2.305460335,9600.068136,A0V
79.03647559,283.8012331,3.051839078,12425.65357,B7V
52.13104112,52.0290913,2.355537695,10309.55152,A1V
11.71537045,4.204794098,2.11835553,6498.60808,F5IV-V
6.065584935,-2.245814205,0.145778764,3166.076888,M4Ve
144.3052257,3150.683862,9.119895361,15020.46748,B6Vep
240.3553244,6402.769655,5.664436824,22635.11031,B2III
310.41086,10504.27406,71.08017097,7371.569157,A9II
2000.019834,53700.34763,32.44125258,27532.70714,B0Ia
323.466763,2201.568276,37.45319396,5966.956,F7Ib
9.39469371,4.825136717,0.100273344,2810.432732,M3.5V
144.1208247,3146.6213,9.198703848,15019.01148,B6Vep
143.9438787,3150.941261,9.123318611,14980.02388,B6Vep
417.9005444,8702.202834,369.9887165,2957.749763,M7IIIe
642.4543021,125995.4152,886.9390483,3514.540517,M2Iab
240.0939754,6395.945729,5.830344565,22584.64141,B2III
25.05704195,17.72100223,1.880546881,8583.876873,A3V
144.3754565,3153.991524,9.194132132,15023.27797,B6Vep
8.125496221,29.61848355,1.802411135,9930.550131,A1V
17.02245127,8.864437317,1.600150811,7574.193195,A7V
7.281173812,4.649196811,0.181952274,2750.183163,M6V
8.131880809,23.77685282,1.74000888,9937.970586,A1V
52.45796696,51.98803266,2.366064443,10289.05014,A1V
11.71734682,7.100257292,1.99595497,6522.283961,F5IV-V
65.18136662,514.8148241,44.26826996,3948.270642,K5III
249.6813871,21998.1848,7.43391918,25354.7603,B1III-IV
549.9795889,10001.09153,679.9839995,3489.316857,M1.5Iab
8.417698116,29.61806383,1.67474982,9890.830846,A1V
7.342543596,3.936431623,0.167979101,2775.32545,M6V
309.8747413,10501.1688,71.05254781,7315.094835,A9II
16.23721182,12.3448195,1.660459279,7563.900534,A7V
249.851899,21995.88372,7.315706065,25437.27143,B1III-IV
16.48246412,9.747816453,1.58986133,7580.672464,A7V
8.996688746,23.05279589,1.76131413,9938.687705,A1V
2600.396323,196001.2713,202.9110235,8502.12977,A2Ia
309.6236031,10504.08826,70.96284027,7369.328056,A9II
310.4824358,10497.83821,71.05605491,7322.452017,A9II
2000.087786,53696.04687,32.35610548,27535.46638,B0Ia
9.732334998,-0.136639504,0.12277645,2818.833604,M3.5V
51.65789052,53.54835981,2.37378559,10280.62734,A1V
16.69380818,5.86280883,1.677783108,7515.874621,A7V
8.609892014,21.88573418,1.623643634,9942.706609,A1V
9.665675717,-0.575855015,0.131810056,2783.696264,M3.5V
2599.878637,196000.7378,203.0529906,8502.720545,A2Ia
144.1289713,3151.110906,9.144653143,14985.78064,B6Vep
24.5067849,16.13583707,1.757816471,8590.747537,A3V
3.958408045,-3.297187675,0.921261653,5251.736584,K1V
16.81548464,11.6762408,1.59042876,7586.739012,A7V
321.3696467,24996.39015,8.431677578,28034.70106,B0.5IV
24.67440211,13.70394156,1.832895599,8579.788756,A3V
42.93959401,82.80047547,12.01105418,4958.711607,G8III
24.57908774,13.95897111,1.75018335,8613.57114,A3V
79.26907248,288.3480381,3.203960432,12424.91866,B7V
16.38489434,8.298347816,1.713957547,7507.620707,A7V
642.0286903,126002.6698,887.0641844,3545.186312,M2Iab
239.853933,6397.123276,5.664685786,22643.41063,B2III
43.16885598,78.99888567,11.91487029,4978.067407,G8III
8.045698164,-4.932927078,0.141619132,2758.736518,M6V
309.915617,10499.65507,71.05051088,7352.150185,A9II
2000.138809,53697.57091,32.40561792,27518.18088,B0Ia
418.3232017,8701.197586,369.930119,2891.915305,M7IIIe
6.103726269,3.443943758,0.233936801,3142.564884,M4Ve
2600.295554,195995.5887,202.9505511,8541.0176,A2Ia
1999.817503,53704.09859,32.40213682,27510.32322,B0Ia
249.6957954,22004.51285,7.470181343,25379.48379,B1III-IV
349.981541,49995.77038,9.076066041,24982.96275,B1III
52.32699048,53.420925,2.437078586,10297.11516,A1V
9.503661197,3.220604017,0.228884365,2822.195431,M3.5V
418.147076,8703.371449,369.9868826,2867.748413,M7IIIe
1999.769831,53702.0635,32.45686911,27547.04479,B0Ia
642.2428429,126002.0194,887.0221547,3529.268836,M2Iab
6.178068737,-3.211388836,0.219518037,3090.33904,M4Ve
8.172252613,-1.0281538,0.338460386,3375.382008,M2.1V
7.844657383,4.371104754,0.18670349,2753.927739,M6V
16.72046332,13.65940053,1.543035606,7550.999958,A7V
642.1508983,125999.9377,887.0378795,3477.758133,M2Iab
250.0195347,22000.26468,7.475964613,25379.91006,B1III-IV
9.253398086,0.036706867,0.176522011,2842.689312,M3.5V
42.58145468,74.58986984,12.03224302,4931.26752,G8III
349.6886338,49995.74962,8.910999598,24967.94531,B1III
2000.343977,53698.49121,32.46869841,27471.89448,B0Ia
9.540019221,-3.391033641,0.18615705,2802.981439,M3.5V
8.728312638,3.948916585,0.411233519,3424.255245,M2.1V
36.88591657,174.4726209,25.32625496,4281.808091,K1.5III
51.5741686,53.77756011,2.387367885,10317.42437,A1V
52.00825105,57.40130215,2.40899783,10314.74555,A1V
4.426806629,-1.461877858,1.274472116,5779.562645,G2V
417.5402768,8704.173393,369.9221198,2918.022651,M7IIIe
16.77594294,10.10010584,1.544447203,7558.441651,A7V
322.6294749,2197.757467,37.50578027,5995.903651,F7Ib
51.63099739,51.87500424,2.34218433,10274.63821,A1V
10.04381947,-4.321045207,0.197416923,2782.7874,M3.5V
52.20179474,50.44141161,2.428252652,10341.33073,A1V
1999.817541,53695.25877,32.47725481,27488.06801,B0Ia
310.4446813,10496.0302,70.99730155,7354.889588,A9II
8.786491,21.65704825,1.704474908,9933.824285,A1V
310.4335412,10504.63623,70.99838507,7309.979472,A9II
25.42451622,39.76943363,2.418267671,9611.083008,A0V
8.526086959,23.93796172,1.723719605,9907.795586,A1V
322.9599285,2204.373103,37.54252649,6026.416076,F7Ib
42.88148826,81.66897522,11.97960301,4897.291755,G8III
550.2150054,10001.12456,680.0174918,3483.337211,M1.5Iab
79.18589592,291.231016,3.122852091,12504.48269,B7V
4.396864515,3.150212948,0.785509113,5260.15851,K1V
309.664797,10503.54851,71.00155456,7360.543324,A9II
16.68375873,7.394938939,1.711416854,7546.039441,A7V
4.105156453,5.414415558,1.285788545,5799.379142,G2V
2000.370237,53695.10896,32.37604999,27534.09027,B0Ia
309.9240872,10499.85507,70.95195915,7360.48623,A9II
310.1097295,10502.14887,71.03220915,7370.643334,A9II
349.6259079,49995.5283,9.081673237,24998.83324,B1III
2000.446041,53698.85416,32.39278487,27511.59449,B0Ia
2599.697956,195995.0992,203.010603,8527.764169,A2Ia
16.47488843,7.834659,1.638966835,7545.921514,A7V
321.4573182,24999.57439,8.482459147,27967.66145,B0.5IV
11.51999419,9.101577122,2.009341158,6484.687331,F5IV-V
249.7324298,21997.98059,7.464590495,25401.661,B1III-IV
3.915717727,2.72975883,1.314589701,5822.170979,G2V
42.40535655,73.79446502,12.04823108,4964.061857,G8III
549.901581,10000.56939,680.0400647,3513.318013,M1.5Iab
4.267358434,3.343284347,1.231900278,5786.671616,G2V
239.9365698,6397.114822,5.811521539,22556.54747,B2III
42.94182809,80.73590844,12.0679252,4929.859438,G8III
320.5286602,25004.96325,8.304098489,28028.4828,B0.5IV
6.378422052,1.517268486,0.125010179,3100.021584,M4Ve
859.7391892,120001.1765,78.88565018,12115.32927,B8Ia
16.96452597,14.70167631,1.627415218,7518.945066,A7V
860.2515677,119995.5587,78.93150936,12072.47477,B8Ia
320.5295666,25002.57474,8.394867761,27960.76695,B0.5IV
78.70315669,292.2930938,3.148963428,12461.99733,B7V
79.29765658,290.7002498,3.04148605,12474.70039,B7V
309.7469731,10499.697,70.9304241,7349.441518,A9II
239.6248242,6403.603919,5.839515612,22636.26995,B2III
79.08867706,291.1056037,3.130152043,12497.89259,B7V
17.14274664,6.884995985,1.578821589,7513.945194,A7V
43.3246311,81.97541803,12.07105334,4949.377974,G8III
860.1419899,119995.8964,78.80256577,12110.13643,B8Ia
349.9794959,50003.56017,9.088132449,25014.00033,B1III
9.404553221,-3.867373937,0.145877376,2796.7281,M3.5V
25.35547709,13.00282552,1.893056696,8618.813384,A3V
36.98228623,173.085282,25.38094993,4289.865959,K1.5III
9.423694156,-4.657914347,0.185923738,2795.899291,M3.5V
37.00140279,172.8428327,25.31557063,4249.884919,K1.5III
24.8780751,17.65908272,1.909887019,8591.966835,A3V
5.628109879,-0.60370365,0.162524704,3183.086019,M4Ve
17.15840501,7.948793884,1.685685125,7547.195802,A7V
78.57997165,289.349881,3.12998234,12432.51848,B7V
309.7989428,10497.14599,71.09424888,7345.450221,A9II
42.8106305,81.2890743,12.02274894,4957.088596,G8III
65.065618,515.9161453,44.10146641,3958.159737,K5III
143.9947293,3148.560877,9.234108291,15015.00215,B6Vep
36.83263226,167.9528636,25.46378069,4327.684401,K1.5III
239.8333734,6400.468603,5.793992107,22554.81527,B2III
249.6676092,21999.50881,7.397536383,25405.39449,B1III-IV
5.702693107,-4.366184135,0.122756315,3177.508223,M4Ve
309.7021082,10503.3103,70.92716242,7361.733099,A9II
642.6498975,126001.0532,886.972758,3516.278491,M2Iab
8.322247874,28.3707549,1.771294627,9899.25128,A1V
2599.953558,195997.3773,203.0879844,8520.928915,A2Ia
249.521918,22004.27059,7.410378265,25360.45083,B1III-IV
4.734661765,0.721428616,0.900357259,5262.821538,K1V
144.4417675,3147.42728,9.248736986,15043.70139,B6Vep
349.5488296,49995.84781,8.976182016,24978.36793,B1III
642.9972304,126001.9759,886.9746222,3524.018097,M2Iab
25.38726968,15.87277896,1.8656431,8601.573936,A3V
550.3668197,9996.691025,680.0861595,3489.643283,M1.5Iab
4.475035634,0.275721009,1.226504788,5834.976699,G2V
65.00813677,521.7244786,44.22527027,3944.804088,K5III
8.049625038,-4.811598694,0.123902675,2766.688801,M6V
8.193452392,-2.350002987,0.141432023,2762.806282,M6V
322.931464,2202.453954,37.56112835,6062.424059,F7Ib
642.0106189,125996.3998,887.0351882,3469.299382,M2Iab
64.69365733,522.1631626,44.16089869,3940.982243,K5III
239.5908602,6399.167734,5.766317882,22587.20496,B2III
4.379249968,2.040615487,1.160026869,5793.002084,G2V
7.408588147,1.235203619,0.157858046,2845.898753,M6V
143.726083,3151.06866,9.239358,14989.27388,B6Vep
2000.434549,53698.69092,32.3576936,27525.6319,B0Ia
642.8476081,126002.7648,886.9976507,3522.590048,M2Iab
52.29678817,53.89518719,2.310129218,10277.08574,A1V
4.384779239,-1.300642688,1.189019218,5824.498084,G2V
11.33763981,6.54966102,2.145289391,6505.35183,F5IV-V
250.0839162,21995.51833,7.39832341,25369.11067,B1III-IV
24.90585417,43.23548654,2.341505002,9590.627167,A0V
9.389919671,-4.904825045,0.151865949,2839.251919,M3.5V
5.67183486,4.492661756,0.179828146,3138.564205,M4Ve
9.38606644,3.743348218,0.197435792,2795.069097,M3.5V
17.11637322,14.39017566,1.597889512,7547.368911,A7V
143.9854259,3149.12552,9.285119643,15033.35002,B6Vep
4.808567598,3.03771685,0.920719795,5264.445096,K1V
239.7726343,6404.804362,5.750253057,22611.9374,B2III
309.9536271,10500.11132,71.02716197,7319.533855,A9II
52.32057848,55.15138479,2.402063855,10313.6425,A1V
36.40617808,170.4834092,25.39302673,4311.564867,K1.5III
51.51178677,58.30249455,2.494924768,10272.8586,A1V
350.1697712,50002.60389,8.905495583,24975.36258,B1III
5.901894921,-4.630582788,0.210900183,3155.886082,M4Ve
309.7238416,10503.43717,71.09228953,7317.654715,A9II
642.9028036,126002.6381,886.9150204,3484.579524,M2Iab
349.7555395,49998.33839,8.914397068,24966.92828,B1III
250.2556347,22000.37954,7.352382725,25431.21464,B1III-IV
51.98304877,50.92786348,2.417985941,10271.21024,A1V
51.7573701,57.52238849,2.492077902,10292.92402,A1V
240.0040732,6400.71479,5.80738133,22587.38203,B2III
9.496791091,1.316544667,0.205035104,2788.31741,M3.5V
417.5275405,8697.462717,369.9996166,2888.697476,M7IIIe
43.34185713,78.46786794,11.98310218,4905.582673,G8III
7.831985513,-4.993141302,0.254853348,2775.960244,M6V
65.18394244,521.8347765,44.19359546,3921.426353,K5III
550.0648278,9998.226736,679.9382321,3518.397721,M1.5Iab
16.51731132,14.70571067,1.540348995,7551.720467,A7V
7.84221783,-4.305228812,0.224056169,2805.748839,M6V
321.2232979,24998.43736,8.436242446,28016.76521,B0.5IV
36.77774268,174.1267919,25.32480217,4318.010631,K1.5III
240.3954566,6403.889347,5.84799731,22633.82763,B2III
16.81698344,8.344845083,1.669231977,7557.474773,A7V
309.8594618,10497.37464,71.05702456,7329.792588,A9II
36.28589805,169.6610286,25.31720536,4271.411975,K1.5III
239.6654732,6401.015853,5.790955517,22586.4126,B2III
250.2771635,21999.57852,7.496551669,25440.08467,B1III-IV
11.18302078,11.68485837,2.13595609,6532.364672,F5IV-V
43.32531607,79.4386561,12.06793238,4895.335752,G8III
24.84278807,44.87302213,2.267398408,9604.333176,A0V
320.7563597,25001.4397,8.461657582,28004.31747,B0.5IV
11.37788186,3.161934538,2.134227376,6533.812189,F5IV-V
3.967075369,-3.850901724,0.91789694,5292.942797,K1V
310.3808561,10500.15752,71.03790404,7384.192278,A9II
16.56786756,12.40258132,1.712414682,7541.099897,A7V
25.00978559,42.61916653,2.281881383,9628.220806,A0V
5.978798328,2.205629436,0.238914281,3092.798611,M4Ve
16.54680454,11.60218007,1.693430909,7578.471697,A7V
10.01998897,-0.166357817,0.131582581,2775.738099,M3.5V
7.509380537,-4.935052824,0.208109345,2841.890593,M6V
24.80316293,41.49536785,2.387860133,9576.613623,A0V
143.9662297,3150.417786,9.275951222,14987.54359,B6Vep
4.770200192,-1.162514751,1.211841408,5768.601304,G2V
16.40951171,5.689354656,1.592099559,7570.613468,A7V
550.3810401,10002.39341,679.9207239,3533.711708,M1.5Iab
642.9506962,126002.1214,886.9397509,3496.404887,M2Iab
8.153862548,24.17011927,1.62644373,9984.210285,A1V
11.53394926,10.77236734,2.097725913,6576.896043,F5IV-V
9.452177746,4.972744356,0.263426868,2847.679081,M3.5V
310.1036732,10496.10968,71.03399408,7363.54504,A9II
64.67223542,518.7120492,44.2711389,3880.56082,K5III
36.90624775,172.0117546,25.40006009,4266.259021,K1.5III
549.9204623,9995.650236,680.0291188,3507.884557,M1.5Iab
8.439597134,2.643371099,0.431638387,3365.501845,M2.1V
6.187165631,4.956944234,0.139102778,3145.359503,M4Ve
5.621799129,3.776002237,0.113196106,3101.014047,M4Ve
51.71998908,53.15103579,2.321454069,10285.43181,A1V
250.4016923,22002.93583,7.418892401,25449.19667,B1III-IV
320.8089994,25004.66014,8.301353337,28026.52455,B0.5IV
249.8780688,22003.59346,7.376203985,25412.12199,B1III-IV
10.92047176,4.935287892,2.073748401,6506.621799,F5IV-V
309.7852984,10500.0529,71.02194936,7307.096799,A9II
16.93384576,12.84562247,1.697482296,7575.065415,A7V
4.608424065,5.004726015,1.292919093,5820.262364,G2V
24.65390625,41.61042724,2.429274023,9631.852917,A0V
11.14688194,12.21886212,2.024729367,6503.78559,F5IV-V
36.36935637,167.5777037,25.40826344,4290.820407,K1.5III
310.3556042,10495.06042,71.02611199,7336.306359,A9II
16.70733129,9.554275565,1.549018121,7517.666644,A7V
350.4727333,50002.06466,8.94007169,25026.85487,B1III
51.94700109,51.51081941,2.303341519,10330.65999,A1V
549.8508373,10001.25706,680.0627913,3497.276466,M1.5Iab
16.50283399,15.00853497,1.537143677,7531.390715,A7V
9.195617903,4.002523196,0.233178682,2799.130014,M3.5V
43.28991991,78.42806415,11.90353731,4891.016059,G8III
51.72532805,56.68355463,2.315612885,10347.25177,A1V
11.59133042,11.92379588,2.033846109,6515.942048,F5IV-V
8.703545491,3.255451437,0.343710902,3397.560024,M2.1V
417.5482495,8697.641481,370.0433729,2881.48404,M7IIIe
642.8968535,126004.6847,886.9879566,3511.823073,M2Iab
642.1716997,126001.6951,886.9888377,3479.277355,M2Iab
8.731732298,4.786238309,0.334703231,3382.68904,M2.1V
17.15474181,6.975771781,1.548311611,7537.641975,A7V
24.77663591,35.27153115,2.295444792,9616.074161,A0V
417.6957884,8704.185432,370.0625415,2955.04907,M7IIIe
3.996321707,1.626551918,1.304657425,5794.091339,G2V
418.4702429,8702.898481,370.0818556,2943.151169,M7IIIe
17.11191917,10.39101274,1.609587316,7504.094813,A7V
16.87437202,5.998470578,1.559793501,7561.789883,A7V
2600.003022,195995.4475,203.0275683,8518.964905,A2Ia
860.4364003,120000.5203,78.80303528,12131.66964,B8Ia
17.1215439,11.77618657,1.635310418,7555.41808,A7V
5.93895199,-3.172253923,0.266687676,3121.980225,M4Ve
7.455714962,-4.435100936,0.068086677,2774.1483,M6V
350.3016439,49997.50659,9.070882396,25010.50266,B1III
239.7632941,6397.020159,5.706311488,22603.54877,B2III
4.044363779,-4.549088213,0.939190538,5286.304304,K1V
8.139786204,3.484204727,0.236324016,2813.600366,M6V
